<?xml version="1.0" encoding="UTF-8"?>
<!DOCTYPE properties SYSTEM "http://java.sun.com/dtd/properties.dtd">
<properties>
	<!-- Author: Lauritz Thamsen (PMP seminar 2010, Visio Import) -->

	<!-- Properties for the import of Microsoft Visio .vdx files (XML for
		 Visio) These properties define mappings from specific Visio 2003
		 stencil set identifiers (nameU attribute of Shape Elements) to BPMN2.0
		 types. Also in algorithms used heuristics are defined.
	-->



	<!-- STENCIL SET MAPPINGS -->
	
	<!-- Hint: You can forbid shapes by mapping them to: NOT_VALID_SHAPE_NAME -->
	
	<!-- BPMN STENCIL SETS -->
	<entry key="stencilsets.bpmn.mappings">BPTBPMN11,OMG09,VISIO2010</entry>
	
	<!-- BPT: BPMN 1.1 Stencil Set of the Business Process Technology Group at HPI: http://bpt.hpi.uni-potsdam.de/Public/BPMNCorner-->
	<entry key="stencilsets.bpmn.BPTBPMN11.stencil.Start">StartNoneEvent</entry>
	<entry key="stencilsets.bpmn.BPTBPMN11.stencil.Intemediate">IntermediateEvent</entry> <!-- InteRmediate: The character R misses in visio stencil set... -->
	<entry key="stencilsets.bpmn.BPTBPMN11.stencil.End">EndNoneEvent</entry>
	<entry key="stencilsets.bpmn.BPTBPMN11.stencil.Start Message">StartMessageEvent</entry>
	<entry key="stencilsets.bpmn.BPTBPMN11.stencil.Intermediate Message">IntermediateMessageEventCatching</entry>
	<entry key="stencilsets.bpmn.BPTBPMN11.stencil.Intermediate Message 2">IntermediateMessageEventThrowing</entry>
	<entry key="stencilsets.bpmn.BPTBPMN11.stencil.End Message">EndMessageEvent</entry>
	<entry key="stencilsets.bpmn.BPTBPMN11.stencil.Start Timer">StartTimerEvent</entry>
	<entry key="stencilsets.bpmn.BPTBPMN11.stencil.Intermediate Timer">IntermediateTimerEvent</entry>
	<entry key="stencilsets.bpmn.BPTBPMN11.stencil.Intermediate Exception">IntermediateErrorEvent</entry>
	<entry key="stencilsets.bpmn.BPTBPMN11.stencil.End Exception">EndErrorEvent</entry>
	<entry key="stencilsets.bpmn.BPTBPMN11.stencil.Intermediate Cancel">IntermediateCancelEvent</entry>
	<entry key="stencilsets.bpmn.BPTBPMN11.stencil.End Cancel">EndCancelEvent</entry>
	<entry key="stencilsets.bpmn.BPTBPMN11.stencil.Intermediate Compensation">IntermediateCompensationEventCatching</entry>
	<entry key="stencilsets.bpmn.BPTBPMN11.stencil.Intermediate Compensation 2">IntermediateCompensationEventThrowing</entry>
	<entry key="stencilsets.bpmn.BPTBPMN11.stencil.End Compensation">EndCompensationEvent</entry>
	<entry key="stencilsets.bpmn.BPTBPMN11.stencil.Start Rule">StartConditionalEvent</entry>
	<entry key="stencilsets.bpmn.BPTBPMN11.stencil.Intermediate Rule">IntermediateConditionalEvent</entry>
	<entry key="stencilsets.bpmn.BPTBPMN11.stencil.Intermediate Link">IntermediateLinkEventCatching</entry>
	<entry key="stencilsets.bpmn.BPTBPMN11.stencil.Intermediate Link 2">IntermediateLinkEventThrowing</entry>
	<entry key="stencilsets.bpmn.BPTBPMN11.stencil.Start Signal">StartSignalEvent</entry>
	<entry key="stencilsets.bpmn.BPTBPMN11.stencil.Intermediate Signal">IntermediateSignalEventCatching</entry>
	<entry key="stencilsets.bpmn.BPTBPMN11.stencil.Intermediate Signal 2">IntermediateSignalEventThrowing</entry>
	<entry key="stencilsets.bpmn.BPTBPMN11.stencil.End Signal">EndSignalEvent</entry>
	<entry key="stencilsets.bpmn.BPTBPMN11.stencil.End Terminate">EndTerminateEvent</entry>
	<entry key="stencilsets.bpmn.BPTBPMN11.stencil.Start Multiple">StartMultipleEvent</entry>
	<entry key="stencilsets.bpmn.BPTBPMN11.stencil.Intermediate Mutliple">IntermediateMultipleEventCatching</entry>
	<entry key="stencilsets.bpmn.BPTBPMN11.stencil.Intermediate Mutliple 2">IntermediateEscalationEventThrowing</entry>
	<entry key="stencilsets.bpmn.BPTBPMN11.stencil.End Multiple">EndMultipleEvent</entry>
	<entry key="stencilsets.bpmn.BPTBPMN11.stencil.Pool Header">Pool</entry>
	<entry key="stencilsets.bpmn.BPTBPMN11.stencil.Pool/Lane Body">Lane</entry>
	<entry key="stencilsets.bpmn.BPTBPMN11.stencil.Collapsed Pool">CollapsedPool</entry>
	<entry key="stencilsets.bpmn.BPTBPMN11.stencil.Task/ Subprocess">Task</entry>
	<entry key="stencilsets.bpmn.BPTBPMN11.stencil.Task/Subtask">Task</entry>
	<entry key="stencilsets.bpmn.BPTBPMN11.stencil.Activity">Task</entry>
	<entry key="stencilsets.bpmn.BPTBPMN11.stencil.Transaction">Subprocess</entry>
	<entry key="stencilsets.bpmn.BPTBPMN11.stencil.Group">Group</entry>
	<entry key="stencilsets.bpmn.BPTBPMN11.stencil.Gateway">Exclusive_Databased_Gateway</entry>
	<entry key="stencilsets.bpmn.BPTBPMN11.stencil.Gateway XOR">Exclusive_Databased_Gateway</entry>
	<entry key="stencilsets.bpmn.BPTBPMN11.stencil.Gateway Event-based">EventbasedGateway</entry>
	<entry key="stencilsets.bpmn.BPTBPMN11.stencil.Gateway OR">InclusiveGateway</entry>
	<entry key="stencilsets.bpmn.BPTBPMN11.stencil.Gateway Complex">ComplexGateway</entry>
	<entry key="stencilsets.bpmn.BPTBPMN11.stencil.Gateway AND">ParallelGateway</entry>
	<entry key="stencilsets.bpmn.BPTBPMN11.stencil.Data Object1">DataObject</entry>
	<entry key="stencilsets.bpmn.BPTBPMN11.stencil.Collapsed Subprocess Marker">CollapsedSubprocess</entry>
	<entry key="stencilsets.bpmn.BPTBPMN11.stencil.CollapsedSubprocess">CollapsedSubprocess</entry>	
	<entry key="stencilsets.bpmn.BPTBPMN11.stencil.Activity Looping">Task</entry>
	<entry key="stencilsets.bpmn.BPTBPMN11.stencil.Multiple Instances">Task</entry>
	<entry key="stencilsets.bpmn.BPTBPMN11.stencil.Compensation">Task</entry>
	<entry key="stencilsets.bpmn.BPTBPMN11.stencil.Ad-Hoc">Task</entry>
	<entry key="stencilsets.bpmn.BPTBPMN11.stencil.Flow">SequenceFlow</entry>
	<entry key="stencilsets.bpmn.BPTBPMN11.stencil.Conditional Flow">SequenceFlow</entry>
	<entry key="stencilsets.bpmn.BPTBPMN11.stencil.Default Flow">SequenceFlow</entry>
	<entry key="stencilsets.bpmn.BPTBPMN11.stencil.Message Flow">MessageFlow</entry>
	<entry key="stencilsets.bpmn.BPTBPMN11.stencil.Association">Association_Unidirectional</entry>
	<entry key="stencilsets.bpmn.BPTBPMN11.stencil.Undirected Association">Association_Undirected</entry>
	<entry key="stencilsets.bpmn.BPTBPMN11.stencil.Branching Condition">TextAnnotation</entry> <!-- wrong but there is not branching condition, textAnnotation will hopefully be reduced to be a real condition -->
	<entry key="stencilsets.bpmn.BPTBPMN11.stencil.Description">TextAnnotation</entry>
	<entry key="stencilsets.bpmn.BPTBPMN11.stencil.Subprocess">Subprocess</entry>
	<entry key="stencilsets.bpmn.BPTBPMN11.stencil.Dynamic connector">SequenceFlow</entry>	
	<entry key="stencilsets.bpmn.BPTBPMN11.stencil.asdölk">IntermediateSignalEventThrowing</entry> <!-- That's really the chosen nameU... -->
	<entry key="stencilsets.bpmn.BPTBPMN11.stencil.Intermediate Multiple">IntermediateMultipleEventThrowing</entry>		
	
	
	<!--OMG: BPMN 0.9 Stencil Set of the Object Management Group (OMG): http://www.omg.org/bpmn/documents.htm-->
	<entry key="stencilsets.bpmn.OMG09.stencil.Vertical pool">Pool</entry>
	<entry key="stencilsets.bpmn.OMG09.stencil.Task">Task</entry>
	<entry key="stencilsets.bpmn.OMG09.stencil.Start timer">StartTimerEvent</entry>
	<entry key="stencilsets.bpmn.OMG09.stencil.Start rule">StartConditionalEvent</entry>
	<entry key="stencilsets.bpmn.OMG09.stencil.Start multiple">StartMultipleEvent</entry>
	<entry key="stencilsets.bpmn.OMG09.stencil.Start message">StartMessageEvent</entry>
	<entry key="stencilsets.bpmn.OMG09.stencil.Start link">IntermediateLinkEventCatching</entry>
	<entry key="stencilsets.bpmn.OMG09.stencil.Start event">EndNoneEvent</entry>
	<entry key="stencilsets.bpmn.OMG09.stencil.Sequence flow">SequenceFlow</entry>
	<entry key="stencilsets.bpmn.OMG09.stencil.Message flow">MessageFlow</entry>
	<entry key="stencilsets.bpmn.OMG09.stencil.Intermediate timer">IntermediateTimerEvent</entry>
	<entry key="stencilsets.bpmn.OMG09.stencil.Intermediate rule">IntermediateConditionalEvent</entry>
	<entry key="stencilsets.bpmn.OMG09.stencil.Intermediate process error">IntermediateErrorEvent</entry>
	<entry key="stencilsets.bpmn.OMG09.stencil.Intermediate multiple">IntermediateMultipleEventCatching</entry>
	<entry key="stencilsets.bpmn.OMG09.stencil.Intermediate message">IntermediateMessageEventCatching</entry>
	<entry key="stencilsets.bpmn.OMG09.stencil.Intermediate link">IntermediateLinkEventCatching</entry>
	<entry key="stencilsets.bpmn.OMG09.stencil.Intermediate event">IntermediateEvent</entry>
	<entry key="stencilsets.bpmn.OMG09.stencil.Intermediate compensate">IntermediateCompensationEventCatching</entry>
	<entry key="stencilsets.bpmn.OMG09.stencil.Horizontal pool">Pool</entry>
	<entry key="stencilsets.bpmn.OMG09.stencil.Horizontal lane">Lane</entry>
	<entry key="stencilsets.bpmn.OMG09.stencil.Expanded sub-process">Subprocess</entry>
	<entry key="stencilsets.bpmn.OMG09.stencil.End process error">EndErrorEvent</entry>
	<entry key="stencilsets.bpmn.OMG09.stencil.End multiple">EndMultipleEvent</entry>
	<entry key="stencilsets.bpmn.OMG09.stencil.End message">EndMessageEvent</entry>
	<entry key="stencilsets.bpmn.OMG09.stencil.End link">IntermediateLinkEventThrowing</entry>
	<entry key="stencilsets.bpmn.OMG09.stencil.End event">EndNoneEvent</entry>
	<entry key="stencilsets.bpmn.OMG09.stencil.End compensate">EndCompensationEvent</entry>
	<entry key="stencilsets.bpmn.OMG09.stencil.Decision">Exclusive_Databased_Gateway</entry>
	<entry key="stencilsets.bpmn.OMG09.stencil.Data object">DataObject</entry>
	<entry key="stencilsets.bpmn.OMG09.stencil.Data Object">DataObject</entry> <!-- found both cases: upper O and lower o -->
	<entry key="stencilsets.bpmn.OMG09.stencil.Collapsed sub-process">CollapsedSubprocess</entry>
	<entry key="stencilsets.bpmn.OMG09.stencil.Annotation">TextAnnotation</entry>
	<entry key="stencilsets.bpmn.OMG09.stencil.Activity looping">Task</entry>
	<entry key="stencilsets.bpmn.OMG09.stencil.Collapsed sub-process 1">CollapsedSubprocess</entry>
	<entry key="stencilsets.bpmn.OMG09.stencil.Collapsed sub-process 2">CollapsedSubprocess</entry>
	<entry key="stencilsets.bpmn.OMG09.stencil.Collapsed sub-process 3">CollapsedSubprocess</entry>
	<entry key="stencilsets.bpmn.OMG09.stencil.Collapsed sub-process 4">CollapsedSubprocess</entry>
	
	
	
	<!--VISIO 2010: Official BPMN 1.2 Stencil Set of Microsoft Visio 2010 -->
	<entry key="stencilsets.bpmn.VISIO2010.stencil.Dynamic Connector">SequenceFlow</entry>
	<entry key="stencilsets.bpmn.VISIO2010.stencil.Collapsed Sub-Process">CollapsedSubprocess</entry>
	<entry key="stencilsets.bpmn.VISIO2010.stencil.Task">Task</entry>
	<entry key="stencilsets.bpmn.VISIO2010.stencil.Gateway">Exclusive_Databased_Gateway</entry>
	<entry key="stencilsets.bpmn.VISIO2010.stencil.Intermediate Event">IntermediateEvent</entry>
	<entry key="stencilsets.bpmn.VISIO2010.stencil.Start Event">StartNoneEvent</entry>
	<entry key="stencilsets.bpmn.VISIO2010.stencil.Intermediate (Throwing) Event">IntermediateMessageEventThrowing</entry>
	<entry key="stencilsets.bpmn.VISIO2010.stencil.End Event">EndNoneEvent</entry>
	<entry key="stencilsets.bpmn.VISIO2010.stencil.Start Message Event">StartMessageEvent</entry>
	<entry key="stencilsets.bpmn.VISIO2010.stencil.Intermediate Message Event">IntermediateMessageEventCatching</entry>
	<entry key="stencilsets.bpmn.VISIO2010.stencil.Intermediate (Throwing) Message Event">IntermediateMessageEventThrowing</entry>
	<entry key="stencilsets.bpmn.VISIO2010.stencil.End Message Event">EndMessageEvent</entry>
	<entry key="stencilsets.bpmn.VISIO2010.stencil.Start Timer Event">StartTimerEvent</entry>
	<entry key="stencilsets.bpmn.VISIO2010.stencil.Intermediate Timer Event">IntermediateTimerEvent</entry>
	<entry key="stencilsets.bpmn.VISIO2010.stencil.Intermediate Error Event">IntermediateErrorEvent</entry>
	<entry key="stencilsets.bpmn.VISIO2010.stencil.End Error Event">EndErrorEvent</entry>
	<entry key="stencilsets.bpmn.VISIO2010.stencil.Intermediate Cancel Event">IntermediateCancelEvent</entry>
	<entry key="stencilsets.bpmn.VISIO2010.stencil.End Cancel Event">EndCancelEvent</entry>
	<entry key="stencilsets.bpmn.VISIO2010.stencil.End Terminate Event">EndTerminateEvent</entry>
	<entry key="stencilsets.bpmn.VISIO2010.stencil.Intermediate Compensation Event">IntermediateCompensationEventCatching</entry>
	<entry key="stencilsets.bpmn.VISIO2010.stencil.Intermediate (Throwing) Compensation Event">IntermediateCompensationEventThrowing</entry>
	<entry key="stencilsets.bpmn.VISIO2010.stencil.End Compensation Event">EndCompensationEvent</entry>
	<entry key="stencilsets.bpmn.VISIO2010.stencil.Start Conditional Event">StartConditionalEvent</entry>
	<entry key="stencilsets.bpmn.VISIO2010.stencil.Intermediate Conditional Event">IntermediateConditionalEvent</entry>
	<entry key="stencilsets.bpmn.VISIO2010.stencil.Intermediate Link Event">IntermediateLinkEventCatching</entry>
	<entry key="stencilsets.bpmn.VISIO2010.stencil.Intermediate (Throwing) Link Event">IntermediateLinkEventThrowing</entry>
	<entry key="stencilsets.bpmn.VISIO2010.stencil.Start Signal Event">StartSignalEvent</entry>
	<entry key="stencilsets.bpmn.VISIO2010.stencil.Intermediate Signal Event">IntermediateSignalEventCatching</entry>
	<entry key="stencilsets.bpmn.VISIO2010.stencil.Intermediate (Throwing) Signal Event">IntermediateSignalEventThrowing</entry>
	<entry key="stencilsets.bpmn.VISIO2010.stencil.End Signal Event">EndSignalEvent</entry>
	<entry key="stencilsets.bpmn.VISIO2010.stencil.Start Multiple Event">StartMultipleEvent</entry>
	<entry key="stencilsets.bpmn.VISIO2010.stencil.Intermediate Multiple Event">IntermediateMultipleEventCatching</entry>	
	<entry key="stencilsets.bpmn.VISIO2010.stencil.Intermediate (Throwing) Multiple Event">IntermediateEscalationEventThrowing</entry>	
	<entry key="stencilsets.bpmn.VISIO2010.stencil.End Multiple Event">EndMultipleEvent</entry>	
	<entry key="stencilsets.bpmn.VISIO2010.stencil.Expanded Sub-Process">Subprocess</entry>	
	<entry key="stencilsets.bpmn.VISIO2010.stencil.Exclusive Data Gateway">Exclusive_Databased_Gateway</entry>	
	<entry key="stencilsets.bpmn.VISIO2010.stencil.Exclusive Data Gateway (with Marker)">Exclusive_Databased_Gateway</entry>	
	<entry key="stencilsets.bpmn.VISIO2010.stencil.Exclusive Event Gateway">EventbasedGateway</entry>	
	<entry key="stencilsets.bpmn.VISIO2010.stencil.Inclusive Gateway">InclusiveGateway</entry>	
	<entry key="stencilsets.bpmn.VISIO2010.stencil.Parallel Gateway">ParallelGateway</entry>	
	<entry key="stencilsets.bpmn.VISIO2010.stencil.Sequence Flow">SequenceFlow</entry>	
	<entry key="stencilsets.bpmn.VISIO2010.stencil.Message Flow">MessageFlow</entry>	
	<entry key="stencilsets.bpmn.VISIO2010.stencil.Sequence Flow (Conditional)">SequenceFlow</entry>	
	<entry key="stencilsets.bpmn.VISIO2010.stencil.Sequence Flow (Default)">SequenceFlow</entry>		
	<entry key="stencilsets.bpmn.VISIO2010.stencil.Association">Association_Undirected</entry>	
	<entry key="stencilsets.bpmn.VISIO2010.stencil.Association (One Direction)">Association_Unidirectional</entry>	
	<entry key="stencilsets.bpmn.VISIO2010.stencil.Association (Both Directions)">Association_Bidirectional</entry>	
	<entry key="stencilsets.bpmn.VISIO2010.stencil.Standard Loop Task">Task</entry>	
	<entry key="stencilsets.bpmn.VISIO2010.stencil.Multi-Instance Loop Task">Task</entry>
	<entry key="stencilsets.bpmn.VISIO2010.stencil.Compensation Task">Task</entry>	
	<entry key="stencilsets.bpmn.VISIO2010.stencil.Standard Loop Collapsed Sub-Process">CollapsedSubprocess</entry>	
	<entry key="stencilsets.bpmn.VISIO2010.stencil.Multi-Instance Loop Collapsed Sub-Process">CollapsedSubprocess</entry>	
	<entry key="stencilsets.bpmn.VISIO2010.stencil.Compensation Collapsed Sub-Process">CollapsedSubprocess</entry>	
	<entry key="stencilsets.bpmn.VISIO2010.stencil.Ad-Hoc Collapsed Sub-Process">CollapsedSubprocess</entry>	
	<entry key="stencilsets.bpmn.VISIO2010.stencil.Transaction Collapsed Sub-Process">CollapsedSubprocess</entry>	
	<entry key="stencilsets.bpmn.VISIO2010.stencil.Standard Loop Expanded Sub-Process">Subprocess</entry>	
	<entry key="stencilsets.bpmn.VISIO2010.stencil.Multi-Instance Loop Expanded Sub-Process">Subprocess</entry>	
	<entry key="stencilsets.bpmn.VISIO2010.stencil.Compensation Expanded Sub-Process">Subprocess</entry>	
	<entry key="stencilsets.bpmn.VISIO2010.stencil.Ad-Hoc Expanded Sub-Process">Subprocess</entry>	
	<entry key="stencilsets.bpmn.VISIO2010.stencil.Transaction Expanded Sub-Process">Subprocess</entry>	
	<entry key="stencilsets.bpmn.VISIO2010.stencil.Pool / Lane">Pool</entry>
	<entry key="stencilsets.bpmn.VISIO2010.stencil.CFF Container">Pool</entry>
	
	
	<!-- STENCIL SET CONFIGURATION - PROPERTY MAPPINGS -->
	
	<!-- mind case-sensivity, but having the same name as taskPropertyMarker and 
	as specialTaskType that represents a property will cause failure-->
	<!-- Markers (no real shapes but shapes to specialize other shapes (e.g., a + on a task is a collapsed subprocess)) -->
	<!-- Make sure that all Properties.STENCIL key-value-pairs are included in .areOnlyProperties -->
	<entry key="stencilsets.bpmn.config.areOnlyProperties">Activity Looping,Multiple Instances,Compensation,Ad-Hoc</entry>
	<entry key="stencilsets.bpmn.config.Properties.Activity Looping.key">looptype</entry>
	<entry key="stencilsets.bpmn.config.Properties.Activity Looping.value">Standard</entry>
	<entry key="stencilsets.bpmn.config.Properties.Multiple Instances.key">looptype</entry>
	<entry key="stencilsets.bpmn.config.Properties.Multiple Instances.value">Parallel</entry>
	<entry key="stencilsets.bpmn.config.Properties.Compensation.key">isforcompensation</entry>
	<entry key="stencilsets.bpmn.config.Properties.Compensation.value">true</entry>
	<entry key="stencilsets.bpmn.config.Properties.Ad-Hoc.isMarker">true</entry>
	<entry key="stencilsets.bpmn.config.Properties.Ad-Hoc.key">isadhoc</entry>
	<entry key="stencilsets.bpmn.config.Properties.Ad-Hoc.value">true</entry>
	<entry key="stencilsets.bpmn.config.taskWithSubprocessMarker">CollapsedSubprocess</entry>
	
	<!-- special types of stencils, representing properties -->
	<!-- make sure that all key-value-pairs that define the properties of an ordanary element are included in .specialTypes -->
	<entry key="stencilsets.bpmn.config.specialTypes">Standard Loop Task,Activity looping,Collapsed sub-process 2,Collapsed sub-process 3,Collapsed sub-process 4,Default Flow,Conditional Flow,Sequence Flow (Conditional),Sequence Flow (Default),Multi-Instance Loop Task,Compensation Task,Standard Loop Collapsed Sub-Process,Multi-Instance Loop Collapsed Sub-Process,Compensation Collapsed Sub-Process,Ad-Hoc Collapsed Sub-Process,Transaction Collapsed Sub-Process,Standard Loop Expanded Sub-Process,Multi-Instance Loop Expanded Sub-Process,Compensation Expanded Sub-Process,Ad-Hoc Expanded Sub-Process,Transaction Expanded Sub-Process,Transaction</entry>
	<entry key="stencilsets.bpmn.config.Standard Loop Task.keys">looptyp</entry>
	<entry key="stencilsets.bpmn.config.Standard Loop Task.values">Standard</entry>
	<entry key="stencilsets.bpmn.config.Activity looping.keys">looptype</entry>
	<entry key="stencilsets.bpmn.config.Activity looping.values">Standard</entry>
	<entry key="stencilsets.bpmn.config.Collapsed sub-process 2.keys">looptype</entry>
	<entry key="stencilsets.bpmn.config.Collapsed sub-process 2.values">Standard</entry>
	<entry key="stencilsets.bpmn.config.Collapsed sub-process 3.keys">isadhoc</entry>
	<entry key="stencilsets.bpmn.config.Collapsed sub-process 3.values">true</entry>
	<entry key="stencilsets.bpmn.config.Collapsed sub-process 4.keys">isadhoc,looptype</entry>
	<entry key="stencilsets.bpmn.config.Collapsed sub-process 4.values">true,Standard</entry>
	<entry key="stencilsets.bpmn.config.Default Flow.keys">conditiontype</entry>
	<entry key="stencilsets.bpmn.config.Default Flow.values">Default</entry>
	<entry key="stencilsets.bpmn.config.Conditional Flow.keys">conditiontype,showdiamondmarker</entry>
	<entry key="stencilsets.bpmn.config.Conditional Flow.values">Expression,true</entry>
	<entry key="stencilsets.bpmn.config.Sequence Flow (Conditional).keys">conditiontype,showdiamondmarker</entry>
	<entry key="stencilsets.bpmn.config.Sequence Flow (Conditional).values">Expression,true</entry>
	<entry key="stencilsets.bpmn.config.Sequence Flow (Default).keys">conditiontype</entry>
	<entry key="stencilsets.bpmn.config.Sequence Flow (Default).values">Default</entry>
	<entry key="stencilsets.bpmn.config.Multi-Instance Loop Task.keys">looptype</entry>
	<entry key="stencilsets.bpmn.config.Multi-Instance Loop Task.values">Parallel</entry>
	<entry key="stencilsets.bpmn.config.Compensation Task.keys">isforcompensation</entry>
	<entry key="stencilsets.bpmn.config.Compensation Task.values">true</entry>
	<entry key="stencilsets.bpmn.config.Standard Loop Collapsed Sub-Process.keys">looptype</entry>
	<entry key="stencilsets.bpmn.config.Standard Loop Collapsed Sub-Process.values">Standard</entry>
	<entry key="stencilsets.bpmn.config.Multi-Instance Loop Collapsed Sub-Process.keys">looptype</entry>
	<entry key="stencilsets.bpmn.config.Multi-Instance Loop Collapsed Sub-Process.values">Parallel</entry>
	<entry key="stencilsets.bpmn.config.Compensation Collapsed Sub-Process.keys">isforcompensation</entry>
	<entry key="stencilsets.bpmn.config.Compensation Collapsed Sub-Process.values">true</entry>
	<entry key="stencilsets.bpmn.config.Ad-Hoc Collapsed Sub-Process.keys">isadhoc</entry>
	<entry key="stencilsets.bpmn.config.Ad-Hoc Collapsed Sub-Process.values">true</entry>
	<entry key="stencilsets.bpmn.config.Transaction Collapsed Sub-Process.keys">isatransaction</entry>
	<entry key="stencilsets.bpmn.config.Transaction Collapsed Sub-Process.values">true</entry>
	<entry key="stencilsets.bpmn.config.Standard Loop Expanded Sub-Process.keys">looptype</entry>
	<entry key="stencilsets.bpmn.config.Standard Loop Expanded Sub-Process.values">Standard</entry>
	<entry key="stencilsets.bpmn.config.Multi-Instance Loop Expanded Sub-Process.keys">looptype</entry>
	<entry key="stencilsets.bpmn.config.Multi-Instance Loop Expanded Sub-Process.values">Parallel</entry>
	<entry key="stencilsets.bpmn.config.Compensation Expanded Sub-Process.keys">isforcompensation</entry>
	<entry key="stencilsets.bpmn.config.Compensation Expanded Sub-Process.values">true</entry>
	<entry key="stencilsets.bpmn.config.Ad-Hoc Expanded Sub-Process.keys">isadhoc</entry>
	<entry key="stencilsets.bpmn.config.Ad-Hoc Expanded Sub-Process.values">true</entry>
	<entry key="stencilsets.bpmn.config.Transaction Expanded Sub-Process.keys">isatransaction</entry>
	<entry key="stencilsets.bpmn.config.Transaction Expanded Sub-Process.values">true</entry>
	<entry key="stencilsets.bpmn.config.Transaction.keys">isatransaction</entry>
	<entry key="stencilsets.bpmn.config.Transaction.values">true</entry>
	
	
	
	<!-- BPMN at ORYX: SPECIFIC CONFIGURATION (Namespace, Stencil, Resizeability/Fixed sizes)-->
	
	<entry key="oryx.config.bpmn.StencilSetUrl">/oryx//stencilsets/bpmn2.0/bpmn2.0.json</entry>
	<entry key="oryx.config.bpmn.StencilSetNameSpace">http://b3mn.org/stencilset/bpmn2.0#</entry>
	<entry key="oryx.config.bpmn.StencilType">BPMNDiagram</entry>
	<entry key="oryx.config.bpmn.TargetNameSpace">http://www.omg.org/bpmn20</entry>
	<entry key="oryx.config.bpmn.TypeLanguage">http://www.w3.org/2001/XMLSchema</entry>
		
	<entry key="oryx.config.bpmn.ElementsWithMinimum">Group,CollapsedPool,Pool,Lane,EventSubprocess,CollapsedEventSubprocess,Subprocess,CollapsedSubprocess,Task,TextAnnotation,DataObject</entry>	
	<entry key="oryx.config.bpmn.Group.minWidth">60</entry>
	<entry key="oryx.config.bpmn.Group.minHeight">50</entry>
	<entry key="oryx.config.bpmn.CollapsedPool.minWidth">20</entry>
	<entry key="oryx.config.bpmn.CollapsedPool.minHeight">20</entry>
	<entry key="oryx.config.bpmn.Pool.minWidth">20</entry>
	<entry key="oryx.config.bpmn.Pool.minHeight">20</entry>
	<entry key="oryx.config.bpmn.Lane.minWidth">10</entry>
	<entry key="oryx.config.bpmn.Lane.minHeight">20</entry>
	<entry key="oryx.config.bpmn.EventSubprocess.minWidth">120</entry>
	<entry key="oryx.config.bpmn.EventSubprocess.minHeight">100</entry>
	<entry key="oryx.config.bpmn.CollapsedEventSubprocess.minWidth">80</entry>
	<entry key="oryx.config.bpmn.CollapsedEventSubprocess.minHeight">60</entry>
	<entry key="oryx.config.bpmn.Subprocess.minWidth">120</entry>
	<entry key="oryx.config.bpmn.Subprocess.minHeight">100</entry>
	<entry key="oryx.config.bpmn.CollapsedSubprocess.minWidth">80</entry>
	<entry key="oryx.config.bpmn.CollapsedSubprocess.minHeight">60</entry>	
	<entry key="oryx.config.bpmn.Task.minWidth">50</entry>
	<entry key="oryx.config.bpmn.Task.minHeight">40</entry>
	<entry key="oryx.config.bpmn.TextAnnotation.minWidth">10</entry>
	<entry key="oryx.config.bpmn.TextAnnotation.minHeight">20</entry>	
	<entry key="oryx.config.bpmn.DataObject.minWidth">20</entry>
	<entry key="oryx.config.bpmn.DataObject.minHeight">20</entry>
	<entry key="oryx.config.bpmn.fixedSizeShapeCategories">AllGateways,AllEvents</entry>		
	<entry key="oryx.config.bpmn.AllGateways">Exclusive_Databased_Gateway,EventbasedGateway,InclusiveGateway,ComplexGateway,ParallelGateway</entry>
	<entry key="oryx.config.bpmn.AllGateways.category">Gateway</entry>
	<entry key="oryx.config.bpmn.Gateway.fixedWidth">40</entry>
	<entry key="oryx.config.bpmn.Gateway.fixedHeight">40</entry>
	<entry key="oryx.config.bpmn.AllEvents">StartNoneEvent,StartMessageEvent,StartTimerEvent,StartEscalationEvent,StartConditionalEvent,StartErrorEvent,StartCompensationEvent,StartSignalEvent,StartMultipleEvent,StartParallelMultipleEvent,IntermediateMessageEventCatching,IntermediateTimerEvent,IntermediateEscalationEvent,IntermediateConditionalEvent,IntermediateLinkEventCatching,IntermediateErrorEvent,IntermediateCancelEvent,IntermediateCompensationEventCatching,IntermediateSignalEventCatching,IntermediateMultipleEventCatching,IntermediateParallelMultipleEventCatching,IntermediateEvent,IntermediateMessageEventThrowing,IntermediateEscalationEventThrowing,IntermediateLinkEventThrowing,IntermediateCompensationEventThrowing,IntermediateSignalEventThrowing,IntermediateMultipleEventThrowing,EndNoneEvent,EndMessageEvent,EndEscalationEvent,EndErrorEvent,EndCancelEvent,EndCompensationEvent,EndSignalEvent,EndMultipleEvent,EndTerminateEvent</entry>
	<entry key="oryx.config.bpmn.AllEvents.category">Event</entry>
	<entry key="oryx.config.bpmn.Event.fixedWidth">30</entry>
	<entry key="oryx.config.bpmn.Event.fixedHeight">30</entry>
	<entry key="oryx.config.bpmn.PoolHeaderWidth">30</entry>
	<entry key="oryx.config.bpmn.Edges">Association_Bidirectional,MessageFlow,SequenceFlow,Association_Undirected,Association_Unidirectional</entry>	
	<entry key="oryx.config.bpmn.LabelPropertyException">SequenceFlow,TextAnnotation</entry>
	<entry key="oryx.config.bpmn.SequenceFlow.LabelProperty">conditionexpression</entry>
	<entry key="oryx.config.bpmn.TextAnnotation.LabelProperty">text</entry> 
	<entry key="oryx.config.bpmn.DefaultLabelProperty">name</entry>
	
	<entry key="oryx.config.bpmn.HasContainingShapes">true</entry>
	<entry key="oryx.config.bpmn.ContainerShapes">Pool,Lane,Subprocess,CollapsedSubprocess,Task</entry> <!-- a task can't contain everything, but events: attached intermediate -->
	<entry key="oryx.config.bpmn.NotContainableShapes">Pool,Group</entry>
	<entry key="oryx.config.bpmn.FromFreeTextInterpretationExcludedStencils">Pool,Lane,Group</entry>
	
	<entry key="oryx.config.bpmn.unknownNameUButWithLabelType">Description</entry> 
	<entry key="oryx.config.bpmn.labelOnlyAnnotationAssociation">Undirected Association</entry> <!-- Visio nameU: there has to be a mapping for this name in a stencil set -->
	<entry key="oryx.config.bpmn.labelOnlyAnnotationType">Description</entry> <!-- Visio nameU: there has to be a mapping for this name in a stencil set -->
	<entry key="oryx.config.bpmn.unknownNameUAndWithoutLabelType">Flow</entry> 
	
	<entry key="oryx.config.bpmn.antiPreferForEdgeAssignment">Pool,Lane,Group,Subprocess,Association_Bidirectional,MessageFlow,SequenceFlow,Association_Undirected,Association_Unidirectional</entry>
	
	
	
	<!-- EPC STENCIL SETS -->
	<entry key="stencilsets.epc.mappings">VISIO2010</entry>
	
	<!-- VISIO EPC: Official EPC stencil set of visio 2010 -->
	<entry key="stencilsets.epc.VISIO2010.stencil.Event">Event</entry>
	<entry key="stencilsets.epc.VISIO2010.stencil.Function">Function</entry>
	<entry key="stencilsets.epc.VISIO2010.stencil.Process path">ProcessInterface</entry>
	<entry key="stencilsets.epc.VISIO2010.stencil.Organizational unit">Organization</entry>
	<entry key="stencilsets.epc.VISIO2010.stencil.XOR">XorConnector</entry>
	<entry key="stencilsets.epc.VISIO2010.stencil.OR">OrConnector</entry>
	<entry key="stencilsets.epc.VISIO2010.stencil.AND">AndConnector</entry>
	<entry key="stencilsets.epc.VISIO2010.stencil.Information/ Material">Data</entry>
	<entry key="stencilsets.epc.VISIO2010.stencil.Main process">Function</entry> <!-- No main process stencil at oryx -->
	<entry key="stencilsets.epc.VISIO2010.stencil.Component">System</entry> <!-- component = system? -->
	<entry key="stencilsets.epc.VISIO2010.stencil.Enterprise area">Organization</entry> <!-- wrong, but there is no mapping since there is no enterprise area in oryx and in epcs -->
	<entry key="stencilsets.epc.VISIO2010.stencil.Process group">Organization</entry> <!-- wrong, but there is no mapping  since there is no enterprise area in oryx and in epcs -->
	<entry key="stencilsets.epc.VISIO2010.stencil.Dynamic connector">ControlFlow</entry>	<!-- no distinction between flow and relation -->
	<entry key="stencilsets.epc.VISIO2010.stencil.FreeText">TextNote</entry>	<!-- only for free-text mapping -->
	<entry key="stencilsets.epc.VISIO2010.stencil.Relation">Relation</entry>	<!-- only for free-text mapping -->
	
	
	<!-- STENCIL SET CONFIGURATION - PROPERTY MAPPINGS -->
	<entry key="stencilsets.epc.config.specialTypes"></entry>
	
		
	<!-- EPC at ORYX: SPECIFIC CONFIGURATION (Namespace, Stencil, Resizeability/Fixed sizes)-->
	
	<entry key="oryx.config.epc.StencilSetUrl">/oryx/stencilsets/epc/epc.json</entry>
	<entry key="oryx.config.epc.StencilSetNameSpace">http://b3mn.org/stencilset/epc#</entry>
	<entry key="oryx.config.epc.StencilType">Diagram</entry>
	<entry key="oryx.config.epc.TargetNameSpace">http://www.omg.org/epc</entry>
	<entry key="oryx.config.epc.TypeLanguage">http://www.w3.org/2001/XMLSchema</entry>
				
	<entry key="oryx.config.epc.ElementsWithMinimum">Event,Function,OrConnector,XorConnector,AndConnector,ProcessInterface,Organization,Position,Data,System,TextNote</entry>	
	<entry key="oryx.config.epc.Event.minWidth">20</entry>
	<entry key="oryx.config.epc.Event.minHeight">20</entry>
	<entry key="oryx.config.epc.Function.minWidth">20</entry>
	<entry key="oryx.config.epc.Function.minHeight">20</entry>
	<entry key="oryx.config.epc.OrConnector.minWidth">20</entry>
	<entry key="oryx.config.epc.OrConnector.minHeight">20</entry>
	<entry key="oryx.config.epc.XorConnector.minWidth">20</entry>
	<entry key="oryx.config.epc.XorConnector.minHeight">20</entry>
	<entry key="oryx.config.epc.AndConnector.minWidth">20</entry>
	<entry key="oryx.config.epc.AndConnector.minHeight">20</entry>
	<entry key="oryx.config.epc.ProcessInterface.minWidth">80</entry>
	<entry key="oryx.config.epc.ProcessInterface.minHeight">60</entry>
	<entry key="oryx.config.epc.Organization.minWidth">20</entry>
	<entry key="oryx.config.epc.Organization.minHeight">20</entry>
	<entry key="oryx.config.epc.Position.minWidth">55</entry>
	<entry key="oryx.config.epc.Position.minHeight">20</entry>
	<entry key="oryx.config.epc.Data.minWidth">20</entry>
	<entry key="oryx.config.epc.Data.minHeight">20</entry>
	<entry key="oryx.config.epc.System.minWidth">20</entry>
	<entry key="oryx.config.epc.System.minHeight">20</entry>
	<entry key="oryx.config.epc.TextNote.minWidth">20</entry>
	<entry key="oryx.config.epc.TextNote.minHeight">20</entry>

	<entry key="oryx.config.epc.fixedSizeShapeCategories"></entry>		
		<!-- Have a look at bpmn above for usage: 
		<entry key="oryx.config.bpmn.fixedSizeShapeCategories">AllGateways</entry>	
		<entry key="oryx.config.bpmn.AllGateways.category">Gateway</entry>
		<entry key="oryx.config.bpmn.Gateway.fixedWidth">40</entry>
		<entry key="oryx.config.bpmn.Gateway.fixedHeight">40</entry> -->					
	<entry key="oryx.config.epc.Edges">ControlFlow,Relation</entry>	
	<entry key="oryx.config.epc.LabelPropertyException"></entry>
		<!-- Have a look at bpmn above for usage: 
		<entry key="oryx.config.bpmn.LabelPropertyException">SequenceFlow,TextAnnotation</entry>
		<entry key="oryx.config.bpmn.SequenceFlow.LabelProperty">conditionexpression</entry>
		<entry key="oryx.config.bpmn.TextAnnotation.LabelProperty">text</entry> -->
	<entry key="oryx.config.epc.DefaultLabelProperty">title</entry>
	
	<entry key="oryx.config.epc.HasContainingShapes">false</entry>
	<entry key="oryx.config.epc.ContainerShapes"></entry>
	<entry key="oryx.config.epc.NotContainableShapes">Event,ProcessInterface,Organization,XorConnector,OrConnector,AndConnector,Data,Function,System,TextNote,ControlFlow,Relation,Position</entry> <!-- all -->
	<entry key="oryx.config.epc.FromFreeTextInterpretationExcludedStencils"></entry>
	
	<entry key="oryx.config.epc.antiPreferForEdgeAssignment">Relation,ControlFlow</entry>
	
	
	<entry key="oryx.config.epc.unknownNameUButWithLabelType">FreeText</entry> <!-- Visio nameU: there has to be a mapping for this name in a stencil set -->
	<entry key="oryx.config.epc.labelOnlyAnnotationAssociation">Relation</entry> <!-- Visio nameU: there has to be a mapping for this name in a stencil set -->
	<entry key="oryx.config.epc.labelOnlyAnnotationType">FreeText</entry> <!-- Visio nameU: there has to be a mapping for this name in a stencil set -->
	<entry key="oryx.config.epc.unknownNameUAndWithoutLabelType">Dynamic connector</entry> <!-- Visio nameU: there has to be a mapping for this name in a stencil set -->
	
		
		
		
		
	<!-- STENCIL SET HEURISTICS -->
	
	<!-- BPMN -->
	<!-- Huge tasks are subprocesses? -->
	<entry key="heuristics.bpmn.interpreteHugeTasksAsSubprocesses">true</entry>
	<entry key="heuristics.bpmn.taskToSubprocessThresholdWidth">2.1</entry>
	<entry key="heuristics.bpmn.taskToSubprocessThresholdHeight">1.7</entry>
	<entry key="heuristics.bpmn.containerShouldHaveAtLeastXTimesTheSizeThreshold">1.5</entry>
	<entry key="heuristics.bpmn.maxDistanceBetweenPoolAndContainedSwimlane">5</entry> <!-- Oryx unit (Pixel)-->
	
	
	<!-- EPC -->
	<!-- Huge tasks are subprocesses? -->
	<entry key="heuristics.epc.interpreteHugeTasksAsSubprocesses">false</entry> <!-- false, because process interface is always collapsed -->
	<entry key="heuristics.epc.taskToSubprocessThresholdWidth">2.1</entry>
	<entry key="heuristics.epc.taskToSubprocessThresholdHeight">1.7</entry>
	<entry key="heuristics.epc.containerShouldHaveAtLeastXTimesTheSizeThreshold">1.5</entry>
	
	
	
	
	
	<!-- GENERAL HEURISTICS -->
	
	<entry key="heuristics.Default_Page_Width">20.0</entry>
	<entry key="heuristics.Default_Page_Height">20.0</entry>
	<entry key="heuristics.Unit_To_Pixel_Exchange">100</entry>
	
	<entry key="heuristics.maxEdgeToShapeDistance">0.1</entry> <!-- Visio unit -->
	
	<!-- LABEL-ONLY: Interpretation of label-only shapes -->
	<entry key="heuristics.labelOnlyInterpretationMode">heuristic</entry> <!-- simple / heuristic --> <!-- for simple config see above -->
	<entry key="heuristics.labelOnlyIsLabelForAnotherShapeThreshold">2.5</entry>
	<entry key="heuristics.labelOnlyIsAnnotationToAnotherShapeThreshold">3.5</entry>
	<entry key="heuristics.considerXShapesWithinLabelThresholdWithXIs">3</entry>
	<entry key="heuristics.labelOnlyIsDanglingAnnotation">true</entry>
	<entry key="heuristics.labelOnlyTooLongForAnotherShapesLabelThreshold">30</entry>
	<!-- For simple interpretation mode of label-only shapes: set to another visio stencil nameU (e.g. Description)-->
	<entry key="heuristics.skipUnknownNameUButWithLabel">false</entry>
	
	<!-- EMPTY: Interpretation of unnamed and empty shapes -->
	<entry key="heuristics.skipUnknownNameUAndWithoutLabel">true</entry>
	
	
</properties>