{
	"title" : "Core Elements",
	"title_de":"Kernelemente",
	"namespace":"http://oryx-editor.org/stencilsets/extensions/bpmn2.0basicsubset#",
	"description":"A basic subset of BPMN 2.0 containing only task, sequence flow, start event, end event, parallel gateway and data-based XOR.",
	"extends":"http://b3mn.org/stencilset/bpmn2.0#",
	"stencils":[],
	"properties":[],
	"rules": {
		"connectionRules": [],
        "cardinalityRules": [],
		"containmentRules": []
	},
	"removestencils": [
		"ITSystem",
		"EventSubprocess",
		"CollapsedEventSubprocess",
		"CollapsedSubprocess",
		"Subprocess",
		"DataStore",
		"Message",
		"StartErrorEvent",
		"StartCompensationEvent",
		"StartParallelMultipleEvent",
		"StartEscalationEvent",
		"IntermediateParallelMultipleEventCatching",
		"IntermediateEscalationEvent",
		"EndEscalationEvent",
		"IntermediateEscalationEventThrowing",
		"EventbasedGateway",
		"InclusiveGateway",
		"ComplexGateway",
		"CollapsedPool",
		"processparticipant",
		"Group",
		"TextAnnotation",
		"DataObject",
		"StartConditionalEvent",
		"StartSignalEvent",
		"StartMultipleEvent",
		"IntermediateEvent",
		"IntermediateMessageEventCatching",
		"IntermediateMessageEventThrowing",
		"IntermediateTimerEvent",
		"IntermediateErrorEvent",
		"IntermediateCancelEvent",
		"IntermediateCompensationEventCatching",
		"IntermediateCompensationEventThrowing",
		"IntermediateConditionalEvent",
		"IntermediateSignalEventCatching",
		"IntermediateSignalEventThrowing",
		"IntermediateMultipleEventCatching",
		"IntermediateMultipleEventThrowing",
		"IntermediateLinkEventCatching",
		"IntermediateLinkEventThrowing",
		"EndMessageEvent",
		"EndErrorEvent",
		"EndCancelEvent",
		"EndCompensationEvent",
		"EndSignalEvent",
		"EndMultipleEvent",
		"EndTerminateEvent",
		"Association_Undirected",
		"Association_Unidirectional",
		"Association_Bidirectional"
	],
	"removeproperties": []
}