{
	"title":"t.BPM Extension for BPMN 2.0",
	"namespace":"http://oryx-editor.org/stencilsets/extensions/tbpm#",
	"description":"Extension for t.BPM photo",
	"extends":"http://b3mn.org/stencilset/bpmn2.0#",
	"stencils":[],
	"properties": [
		{
			"roles": [
				"BPMNDiagram"
			],
			"properties": [
				{
					"id":"photo",
					"type":"url",
					"title":"t.BPM photo",
					"title_de":"t.BPM Foto",
					"description":"Photo of t.BPM model",
					"description_de":"Foto des t.BPM Modells",
					"readonly":true,
					"optional":true
				}
			]
		}
	]
}
