{
	"title" : "eCH eGovernment Elements",
	"title_de":"eCh eGovernment Elemente",
"namespace" : "http://oryx-editor.org/stencilsets/extensions/bpmn2.0eCHsubset#",
			"description":"A basic subset of BPMN 2.0 adapted to the swiss eGovernment bpmn - business process modelling project.",
	"extends":"http://b3mn.org/stencilset/bpmn2.0#",
	"stencils":[],
	"properties":[],
	"rules": {
		"connectionRules": [],
        "cardinalityRules": [],
		"containmentRules": []
	},
	"removestencils": [
		"EventSubprocess",
		"CollapsedEventSubprocess",
		"Subprocess",
		"DataStore",
		"Message",
		"StartErrorEvent",
		"StartCompensationEvent",
		"StartParallelMultipleEvent",
		"StartEscalationEvent",
		"IntermediateParallelMultipleEventCatching",
		"IntermediateEscalationEvent",
		"EndEscalationEvent",
		"IntermediateEscalationEventThrowing",
		"EventbasedGateway",
		"InclusiveGateway",
		"ComplexGateway",
		"CollapsedPool",
		"processparticipant",
		"StartSignalEvent",
		"StartMultipleEvent",
		"IntermediateMessageEventThrowing",
		"IntermediateCancelEvent",
		"IntermediateCompensationEventCatching",
		"IntermediateCompensationEventThrowing",
		"IntermediateSignalEventCatching",
		"IntermediateSignalEventThrowing",
		"IntermediateMultipleEventCatching",
		"IntermediateMultipleEventThrowing",
		"IntermediateLinkEventCatching",
		"IntermediateLinkEventThrowing",
		"EndCancelEvent",
		"EndCompensationEvent",
		"EndSignalEvent",
		"EndMultipleEvent",
		"EndTerminateEvent",
		"Association_Unidirectional",
		"Association_Bidirectional"
	],
	"removeproperties": []
}