{
	"title":"BPMN Extension for XForms User Interfaces",
	"namespace":"http://oryx-editor.org/stencilsets/extensions/bpmn-xforms-user-interfaces#",
	"description":"Extension for adding XForms user interface attributes to BPMN Tasks.",
	"extends":"http://b3mn.org/stencilset/bpmn1.1#",
	"stencils":[],
	"properties": [
		{
			"roles": [
				"Task"
			],
			"properties": [
				{
					"id":"xform",
					"type":"url",
					"title":"User Interface",
					"title_de":"Benutzeroberfläche",
					"description":"Reference to an XForms user interface for this Task.",
					"description_de":"Referenz zu einer XForms Benutzeroberfläche für diese Aktivität.",
					"readonly":false,
					"optional":true
				}
			]
		}
	]
}
