[
		{
            "title":"Monitoring Rules",
            "namespace":"http://b3mn.org/stencilset/monitoringRules#",
            "description":"Monitoring rules stencil set.",
            "uri":"/monitoringRules/monitoringRules.json",
            "icon_url":"/bpmn2.0/bpmn2.0.png",
            "visible":true
        },
        {
            "title":"BPMN 1.0",
            "namespace":"http://b3mn.org/stencilset/bpmn#",
            "description":"BPMN 1.0 stencil set specification.",
            "uri":"/bpmn/bpmn.json",
            "icon_url":"/bpmn/bpmn.png",
            "visible":false
        },
		{
            "title":"BPMN 2.0 Processes",
            "namespace":"http://b3mn.org/stencilset/bpmn2.0#",
            "description":"BPMN 2.0 stencil set specification for processes.",
            "uri":"/bpmn2.0/bpmn2.0.json",
            "icon_url":"/bpmn2.0/bpmn2.0.png",
            "visible":true
        },
		{
            "title":"BPMN 2.0 Conversations",
            "namespace":"http://b3mn.org/stencilset/bpmn2.0conversation#",
            "description":"BPMN 2.0 Conversation stencil set specification for processes.",
            "uri":"/bpmn2.0/bpmn2.0conversation.json",
            "icon_url":"/bpmn2.0/bpmn2.0.png",
            "visible":true
        },
		{
            "title":"BPMN 1.2",
            "namespace":"http://b3mn.org/stencilset/bpmn1.1#",
            "description":"BPMN 1.2 stencil set specification.",
            "uri":"/bpmn1.1/bpmn1.1.json",
            "icon_url":"/bpmn1.1/bpmn1.1.png",
            "visible":true
        },
        {
            "title":"BPMN+",
            "namespace":"http://b3mn.org/stencilset/bpmnplus#",
            "description":"BPMN+ stencil set specification.",
            "uri":"/bpmnplus/bpmnplus.json",
            "icon_url":"/bpmn1.1/bpmn1.1.png",
            "visible":false
        },

        {
            "title":"BPMN-Q",
            "namespace":"http://b3mn.org/stencilset/bpmnq#",
            "description":"BPMN-Q Queries",
            "uri":"/bpmnq/bpmnq.json",
            "icon_url":"/bpmnq/bpmn1.1.png",
            "visible":true
        },
		{
            "title":"EPC",
            "namespace":"http://b3mn.org/stencilset/epc#",
            "description":"Event-driven Process Chain specification.",
            "uri":"/epc/epc.json",
            "icon_url":"/epc/epc.png",
            "visible":true
        },
        {
            "title":"Petrinets",
            "namespace":"http://b3mn.org/stencilset/petrinet#",
            "description":"Petrinets specification.",
            "uri":"/petrinets/petrinet.json",
            "icon_url":"/petrinets/petrinets.png",
            "visible":true
        },
        {
            "title":"Workflow Nets",
            "namespace":"http://www.example.org/workflownets#",
            "description":"Simple stencil set for Workflow Nets.",
            "uri":"/workflownets/workflownets.json",
            "icon_url":"/workflownets/workflownets.png",
            "visible":true
        },
        {
            "title":"FMC Block Diagram",
            "namespace":"http://www.fmc-modeling.org/stencilsets/fmcblockdiagram#",
            "description":"FMC Block Diagrams show compositional structures as a composition of collaborating system components.",
            "uri":"/fmcblockdiagram/fmcblockdiagram.json",
            "icon_url":"/fmcblockdiagram/fmcblockdiagram.png",
            "visible":true
        },
		{
            "title":"XForms",
            "namespace":"http://b3mn.org/stencilset/xforms#",
            "description":"This is the XForms stencil set specification.",
            "uri":"/xforms/xforms.json",
            "icon_url":"/xforms/xforms.png",
            "visible":true
        },
        {
        	"title":"Colored Petri Nets",
            "namespace":"http://b3mn.org/stencilset/coloredpetrinets#",
            "description":"Colored Petri Nets specification.",
            "uri":"/coloredpetrinets/coloredpetrinet.json",
            "icon_url":"/coloredpetrinets/coloredpetrinet.png",
            "visible":true
        },
        {
            "title":"UML Class Diagram",
            "namespace":"http://b3mn.org/stencilset/UML2.2Class#",
            "description":"UML 2.2 Class Diagrams",
            "uri":"/uml2.2/uml2.2.json",
            "icon_url":"/uml2.2/uml2.2class.png",
            "visible":true

        },
        {
            "title":"UML Use Case Diagram",
            "namespace":"http://b3mn.org/stencilset/umlusecase#",
            "description":"UML 2.2 Use Case Diagrams",
            "uri":"/umlusecase/umlusecase.json",
            "icon_url":"/umlusecase/umlusecase.png",
            "visible":true
        },
        
        {
            "title":"UML Activity Diagram",
            "namespace":"http://b3mn.org/stencilset/umlactivity#",
            "description":"UML 2.2 Use Case Diagrams",
            "uri":"/umlactivity/umlactivity.json",
            "icon_url":"/umlactivity/umlactivity.png",
            "visible":true
        },

        {
	            "title":"BPMNQ-Variants",
	            "namespace":"http://b3mn.org/stencilset/bpmnqvar#",
	            "description":"BPMN-Q Variants",
	            "uri":"/bpmnqvar/bpmnqvar.json",
	            "icon_url":"/bpmnqvar/bpmnqvar.png",
	            "visible":true
        },

        {
			"title":"Time Line",
			"namespace":"http://matthias-kunze.info/oryx/stencilsets/timeline#",
			"description":"Stencil Set to create Time Line graphs",
			"uri":"/timeline/timeline.json",
			"icon_url":"/timeline/timeline.png",
			"visible":false
		},
		
		{
			"title":"UML State Machine",
			"namespace":"http://b3mn.org/stencilset/umlstate#",
			"description":"Stencil Set to create UML 2.2 state diagrams",
			"uri":"/umlstate/umlstate.json",
			"icon_url":"/umlstate/umlstate.png",
			"visible":true
		},
		
		{
			"title":"UML Sequence Diagram",
			"namespace":"http://b3mn.org/stencilset/umlsequence#",
			"description":"Stencil Set to create UML 2.2 sequence diagrams",
			"uri":"/umlsequence/umlsequence.json",
			"icon_url":"/umlsequence/umlsequence.png",
			"visible":true
		}

]
