{
	"title":"Choreography",
	"title_de":"Choreographie",
	"namespace":"http://oryx-editor.org/stencilsets/extensions/bpmn2.0choreography#",
	"description":"Adds support for Choreography-Diagrams to BPMN 2.0",
	"extends":"http://b3mn.org/stencilset/bpmn2.0#",
	"propertyPackages" : [
	],
	"stencils":[
		{
			"type" : "node",
			"id" : "ChoreographyTask",
			"title" : "Choreography Task",
			"title_de" : "Choreographie-Aufgabe",
			"groups" : ["Choreography"],
			"groups_de" : ["Choreographie"],
            "position" : -4,
			"description" : "A Choreography Task represents an interaction, which is a coherent set (1 or more) of message exchanges between two or more participants. The white participant initiates the interaction.",
			"description_de" : "Eine Choreographie-Aufgabe repräsentiert eine Interaktion (Nachrichtenaustausch) zwischen zwei oder mehr Beteiligten. Der weiß gekennzeichnete Beteiligte initiiert die Interaktion.",
			"view" : "../../extensions/bpmn2.0choreography/view/choreography.task.svg",
			"icon" : "../../extensions/bpmn2.0choreography/icons/choreography.task.png",
			"layout":[{"type":"layout.bpmn2_0.choreography.task"}],
			"properties" : [
				{
					"id":"name",
					"type":"String",
					"title":"Name",
					"value":"",
					"description":"The descriptive name of the choreography task.",
					"description_de":"Bezeichnung des Choreographie-Tasks.",
					"readonly":false,
					"optional":true,
					"length":"",
					"wrapLines" : true,
					"refToView":"text_name"	
				},
				{
					"id":"documentation",
					"type":"Text",
					"title":"Documentation",
					"title_de":"Dokumentation",
					"value":"",
					"description":"This attribute is used to annotate the BPMN element, such as descriptions and other documentation.",
					"description_de":"Der Modellierer kann weiteren Text zur Dokumentation des BPMN-Elementes einfügen.",
					"readonly":false,
					"optional":true,
					"length":"",
					"wrapLines":true,
					"popular":true
				},
				{
					"id":"loopType",
					"type":"Choice",
					"title":"LoopType",
					"title_de":"Schleifentyp",
					"value":"None",
					"description":"",
					"readonly":false,
					"optional":false,
					"refToView":"",
					"items": [
						{
							"id":"c1",
							"title":"None",
							"title_de":"Keine Schleife",
							"value":"None"
						},
						{
							"id":"c2",
							"title":"Standard",
							"title_de":"Standard",
							"value":"Standard",
							"icon" : "/activity/list/looptype.standard.png",
							"refToView":"loop"
						},
						{
							"id":"c3",
							"title":"MI Parallel",
							"title_de":"MI parallel",
							"value":"MultiInstance",
							"icon" : "/activity/list/mi.parallel.png",
							"refToView":"mi"
						}
					]
				},
				{
					"id":"callAcitivity",
					"type":"Boolean",
					"title":"is a Call-Activity",
					"title_de":"ist eine Aufruf-Aktivität",
					"value":0,
					"description":"A Call Activity is a wrapper for a globally defined Sub-Process that is reused in the current process.",
					"description_de":"Eine Aufruf-Aktivität repräsentiert einen global definierten Teilprozess oder eine global definierte Aufgabe, der bzw. die im aktuellen Prozess verwendet wird.",
					"readonly":false,
					"optional":"true",
					"refToView":"callActivity"
				},
				{
					"id":"bgColor",
					"type":"Color",
					"title":"BackgroundColor",
					"title_de":"Hintergrundfarbe",
					"value":"#ffffff",
					"description":"",
					"readonly":false,
					"optional":false,
					"refToView": "fill_el",
					"fill":true,
					"stroke":false
				},
				{
					"id" : "messageFlow",
					"type" : "String",
					"title" : "Message Flow",
					"title_de" : "Nachrichtenfluss",
					"value" : "",
					"description" : "",
					"readonly" : false,
					"optional" : false
				}
			],
			"roles" : [
				"all",
				"ChoreographyMorph",
				"ChoreographyElement",
				"choreography_sequence_start",
				"choreography_sequence_end",
				"choreography_messageflow_start",
				"choreography_messageflow_end"
			]
		},
		{
			"type" : "node",
			"id" : "ChoreographySubprocessCollapsed",
			"title" : "Choreography Subprocess (collapsed)",
			"title_de" : "Choreographie-Unterprozess (zugeklappt)",
			"groups" : ["Choreography"],
			"groups_de" : ["Choreographie"],
            "position" : -3,
			"description" : "A Choreography Subprocess contains a refined choreography with several interactions. Another diagram can be linked via the + symbol. The white participant initiates the interaction.",
			"description_de" : "Ein Choreographie-Unterprozess enthält eine verfeinerte Choreographie mit mehreren Interaktionen zwischen Kommunikationspartnern. Ein weiteres Diagramm kann hinter dem + Symbol verknüpft werden. Der weiß gekennzeichnete Beteiligte initiiert die Interaktion.",
			"view" : "../../extensions/bpmn2.0choreography/view/choreography.subprocess.collapsed.svg",
			"icon" : "../../extensions/bpmn2.0choreography/icons/choreography.subprocess.collapsed.png",
			"layout":[
				{"type":"layout.bpmn2_0.choreography.task"},
				{"type":"layout.bpmn2_0.choreography.subprocess.collapsed"}],
			"properties" : [
				{
					"id":"name",
					"type":"String",
					"title":"Name",
					"value":"",
					"description":"The descriptive name of the choreography task.",
					"description_de":"Bezeichnung der Choreographie-Aktivität.",
					"readonly":false,
					"optional":true,
					"length":"",
					"wrapLines" : true,
					"refToView":"text_name"	
				},
				{
					"id":"documentation",
					"type":"Text",
					"title":"Documentation",
					"title_de":"Dokumentation",
					"value":"",
					"description":"This attribute is used to annotate the BPMN element, such as descriptions and other documentation.",
					"description_de":"Der Modellierer kann weiteren Text zur Dokumentation des BPMN-Elementes einfügen.",
					"readonly":false,
					"optional":true,
					"length":"",
					"wrapLines":true,
					"popular":true
				},
				{
					"id":"loopType",
					"type":"Choice",
					"title":"LoopType",
					"title_de":"Schleifentyp",
					"value":"None",
					"description":"",
					"readonly":false,
					"optional":false,
					"refToView":"",
					"items": [
						{
							"id":"c1",
							"title":"None",
							"title_de":"Keine Schleife",
							"value":"None"
						},
						{
							"id":"c2",
							"title":"Standard",
							"title_de":"Standard",
							"value":"Standard",
							"icon" : "/activity/list/looptype.standard.png",
							"refToView":"loop"
						},
						{
							"id":"c3",
							"title":"MI Parallel",
							"title_de":"MI parallel",
							"value":"MultiInstance",
							"icon" : "/activity/list/mi.parallel.png",
							"refToView":"mi"
						}
					]
				},
				{
					"id":"callAcitivity",
					"type":"Boolean",
					"title":"is a Call-Activity",
					"title_de":"ist eine Aufruf-Aktivität",
					"value":0,
					"description":"A Call Activity is a wrapper for a globally defined Sub-Process that is reused in the current process.",
					"description_de":"Eine Aufruf-Aktivität repräsentiert einen global definierten Teilprozess oder eine global definierte Aufgabe, der bzw. die im aktuellen Prozess verwendet wird.",
					"readonly":false,
					"optional":"true",
					"refToView":"callActivity"
				},
				{
					"id":"bgColor",
					"type":"Color",
					"title":"BackgroundColor",
					"title_de":"Hintergrundfarbe",
					"value":"#ffffff",
					"description":"",
					"readonly":false,
					"optional":false,
					"refToView": "fill_el",
					"fill":true,
					"stroke":false
				},
				{
					"id":"entry",
					"type":"DiagramLink",
					"title":"SubProcessRef",
					"title_de":"Subprozess-Referenz",
					"value":"",
					"description":"",
					"readonly":false,
					"optional":false,
					"refToView" : "u"
				},
				{
					"id" : "messageFlow",
					"type" : "String",
					"title" : "Message Flow",
					"title_de" : "Nachrichtenfluss",
					"value" : "",
					"description" : "",
					"readonly" : false,
					"optional" : false
				}
			],
			"roles" : [
				"all",
				"ChoreographyMorph",
				"ChoreographyElement",
				"choreography_sequence_start",
				"choreography_sequence_end",
				"choreography_messageflow_start",
				"choreography_messageflow_end"
			]
		},
		{
			"type" : "node",
			"id" : "ChoreographySubprocessExpanded",
			"title" : "Choreography Subprocess (expanded)",
			"title_de" : "Choreographie-Unterprozess (aufgeklappt)",
			"groups" : ["Choreography"],
			"groups_de" : ["Choreographie"],
            "position" : -2,
			"description" : "A Choreography Subprocess contains a refined choreography with several interactions. An expanded subprocess contains a valid BPMN diagram. The white participant initiates the interaction.",
			"description_de" : "Ein Choreographie-Unterprozess enthält eine verfeinerte Choreographie mit mehreren Interaktionen zwischen Kommunikationspartnern. Ein aufgeklappter Unterprozess enthält in sich ein eigenes BPMN-Diagramm, welches direkt innerhalb modelliert wird. Der weiß gekennzeichnete Beteiligte initiiert die Interaktion.",
			"view" : "../../extensions/bpmn2.0choreography/view/choreography.subprocess.expanded.svg",
			"icon" : "../../extensions/bpmn2.0choreography/icons/choreography.subprocess.expanded.png",
			"layout":[
				{"type":"layout.bpmn2_0.choreography.task"},
				{"type":"layout.bpmn2_0.choreography.subprocess.expanded"},
				{"type" : "layout.bpmn2_0.subprocess"}],
			"properties" : [
				{
					"id":"name",
					"type":"String",
					"title":"Name",
					"value":"",
					"description":"The descriptive name of the choreography task.",
					"description_de":"Bezeichnung der Choreographie-Aktivität.",
					"readonly":false,
					"optional":true,
					"length":"",
					"wrapLines" : true,
					"refToView":"text_name"	
				},
				{
					"id":"documentation",
					"type":"Text",
					"title":"Documentation",
					"title_de":"Dokumentation",
					"value":"",
					"description":"This attribute is used to annotate the BPMN element, such as descriptions and other documentation.",
					"description_de":"Der Modellierer kann weiteren Text zur Dokumentation des BPMN-Elementes einfügen.",
					"readonly":false,
					"optional":true,
					"length":"",
					"wrapLines":true,
					"popular":true
				},
				{
					"id":"loopType",
					"type":"Choice",
					"title":"LoopType",
					"title_de":"Schleifentyp",
					"value":"None",
					"description":"",
					"readonly":false,
					"optional":false,
					"refToView":"",
					"items": [
						{
							"id":"c1",
							"title":"None",
							"title_de":"Keine Schleife",
							"value":"None"
						},
						{
							"id":"c2",
							"title":"Standard",
							"title_de":"Standard",
							"value":"Standard",
							"icon" : "/activity/list/looptype.standard.png",
							"refToView":"loop"
						},
						{
							"id":"c3",
							"title":"MI Parallel",
							"title_de":"MI parallel",
							"value":"MultiInstance",
							"icon" : "/activity/list/mi.parallel.png",
							"refToView":"mi"
						}
					]
				},
				{
					"id":"callAcitivity",
					"type":"Boolean",
					"title":"is a Call-Activity",
					"title_de":"ist eine Aufruf-Aktivität",
					"value":0,
					"description":"A Call Activity is a wrapper for a globally defined Sub-Process that is reused in the current process.",
					"description_de":"Eine Aufruf-Aktivität repräsentiert einen global definierten Teilprozess oder eine global definierte Aufgabe, der bzw. die im aktuellen Prozess verwendet wird.",
					"readonly":false,
					"optional":"true",
					"refToView":"callActivity"
				},
				{
					"id":"bgColor",
					"type":"Color",
					"title":"BackgroundColor",
					"title_de":"Hintergrundfarbe",
					"value":"#ffffff",
					"description":"",
					"readonly":false,
					"optional":false,
					"refToView": "fill_el",
					"fill":true,
					"stroke":false
				},
				{
					"id" : "messageFlow",
					"type" : "String",
					"title" : "Message Flow",
					"title_de" : "Nachrichtenfluss",
					"value" : "",
					"description" : "",
					"readonly" : false,
					"optional" : false
				}
			],
			"roles" : [
				"all",
				"ChoreographyMorph",
				"ChoreographyElement",
				"choreography_sequence_start",
				"choreography_sequence_end",
				"choreography_messageflow_start",
				"choreography_messageflow_end"
			]
		},
		{
			"type" : "node",
			"id" : "ChoreographyParticipant",
			"title" : "Participant",
			"title_de" : "Teilnehmer",
			"groups" : ["Choreography"],
			"groups_de" : ["Choreographie"],
            "position" : -1,
			"description" : "A Choreography Activity represents interactions between multiple participants. An interaction can take place between many participants. This modeling element can be embedded into other Choreography Activities.",
			"description_de" : "Eine Choreographie-Aktivität beschreibt die Interaktionen zwischen mehreren Teilnehmer. Die Interaktion kann zwischen beliebig vielen Teilnehmern erfolgen. Dieses Element kann in bestehende Choreographie-Aktivitäten eingebettet werden.",
			"view" : "../../extensions/bpmn2.0choreography/view/choreography.participant.svg",
			"icon" : "../../extensions/bpmn2.0choreography/icons/choreography.participant.png",
			"properties" : [
				{
					"id":"name",
					"type":"String",
					"title":"Name",
					"value":"",
					"description":"The descriptive name of the BPMN element.",
					"description_de":"Bezeichnung des BPMN-Elementes.",
					"readonly":false,
					"optional":true,
					"length":"",
					"wrapLines" : false,
					"refToView":"text_name"	
				},
				{
					"id":"documentation",
					"type":"Text",
					"title":"Documentation",
					"title_de":"Dokumentation",
					"value":"",
					"description":"This attribute is used to annotate the BPMN element, such as descriptions and other documentation.",
					"description_de":"Der Modellierer kann weiteren Text zur Dokumentation des BPMN-Elementes einfügen.",
					"readonly":false,
					"optional":true,
					"length":"",
					"wrapLines":true,
					"popular":true
				},
				{
					"id" : "initiating",
					"type" : "Boolean",
					"title" : "Initiating",
					"title_de" : "Initiierend",
					"description" : "",
					"value" : false,
					"readonly" : false,
					"popular" : true,
					"optional" : true
				},
				{
					"id":"multiple_instance",
					"type":"Boolean",
					"title":"is Multiple Participants",
					"title_de":"ist Mehrfach-Beteiligter",
					"value":false,
					"description":"The Multiple Participants Marker denotes a set of participants of the same kind.",
					"description_de":"Eine Mehrfach-Beteiligter Markierung beschreibt eine Reihe von Beteiligten derselben Sorte.",
					"readonly":false,
					"optional":"true",
					"refToView":"mi"
				},
				{
					"id":"corners",
					"type":"Choice",
					"title":"Corners",
					"value":"None",
					"description":"Defines which corners of the participant rectangle should be rounded. For internal use only.",
					"description_de":"",
					"visible":false,
					"readonly":false,
					"optional":false,
					"items": [
						{
							"id":"c1",
							"title":"Top",
							"value":"Top",
							"refToView":"roundedOnTop"
						},
						{
							"id":"c2",
							"title":"Bottom",
							"value":"Bottom",
							"refToView":"roundedOnBottom"
						},
						{
							"id":"c3",
							"title":"None",
							"value":"None",
							"refToView": [
								"roundedOnBottom",
								"roundedOnTop"
							]
						}
					]	
				},
				{
					"id":"color",
					"type":"Color",
					"title":"ParticipantColor",
					"title_de":"Hintergrundfarbe",
					"value":"#c6c6c6",
					"description":"",
					"readonly":false,
					"optional":false,
					"visible":false,
					"refToView": [
						"roundedOnTop",
						"fill_el",
						"fill_el_top"
					],
					"fill":true,
					"stroke":false
				}		
			],
			"roles" : [
				"ChoreographyElement"
			]
		}
	],
	"properties":[],
	"rules": {
		"connectionRules": [],
        "cardinalityRules": [],
		"containmentRules": []
	},
	"removestencils": [
		"Task",
		"CollapsedSubprocess",
		"Subprocess",
		"CollapsedEventSubprocess",
		"EventSubprocess",
		"Pool",
		"Lane",
		"CollapsedPool",
		"processparticipant",
		"StartEscalationEvent",
		"StartCompensationEvent",
		"MessageFlow",
		"Association_Unidirectional",
		"Association_Bidirectional",
		"IntermediateSignalEventThrowing",
		"IntermediateMultipleEventThrowing",
		"IntermediateCompensationEventThrowing",
		"IntermediateMessageEventThrowing",
		"DataStore",
		"DataObject",
		"StartMessageEvent",
		"StartErrorEvent",
		"EndMessageEvent",
		"EndErrorEvent",
		"EndEscalationEvent",
		"EndCancelEvent",
		"EndCompensationEvent",
		"EndSignalEvent",
		"EndMultipleEvent"
	],
	"removeproperties": []
}
