{
	"title":"BPMN Subset for GoldenEye project",
	"namespace":"http://oryx-editor.org/stencilsets/extensions/bpmnservicecompositionsubset-goldeneye#",
	"description":"A basic subset of BPMN that can be used to model satellit test cases.",
	"extends":"http://b3mn.org/stencilset/bpmn1.1#",
	"stencils":[],
	"properties":[
		{
			"roles": [
					"DataObject"
			],
			"properties": [ 
				{
					"id":"targetofcopy",
					"type":"String",
					"title":"Copy Return To",
					"description":"Determines the input parameter, where to copy the return value of another web server method call.",
					"readonly":false,
					"optional":true
				}
			]
		},
		{
			"roles": [
				"Task"
			],
			"properties": [
				{
					"id":"name",
					"title" : "Name",
					"type":"String",
					"value": "Default Task",
					"refToView": "acttext"
				},
				{
					"id":"wsdlurl",
					"title" : "wsdlUrl",
					"type":"String",
					"value": "http://test.bpel?wsdl"
				},
				{
					"id":"namespace",
					"title" : "Namespace",
					"type":"String",
					"value": "http://oryx.ns"
				},
				{
					"id":"servicename",
					"title" : "Service Name",
					"type":"String",
					"value": "TestService"
				},
				{
					"id":"operation",
					"title" : "Service Operation",
					"type":"String",
					"value": "TestServiceOperation"
				},
				{
					"id":"inmessagetype",
					"title" : "InMessageType",
					"type":"String",
					"value": "int"
				},
				{
					"id":"outmessagetype",
					"title" : "OutMessageType",
					"type":"String",
					"value": "int"
				},
				{
					"id":"portType",
					"title" : "PortType",
					"type":"String",
					"value": "TestPortType"
				},
				{
					"id":"inputsets",
					"title" : "InputSets",
					"type":"Complex",
					"value": '{"totalCount": 1, "items": [{"token": "sdf", "reportingServiceUrl": "sadf"}]}',
					"complexItems" :[
						{
							"id":"token",
							"name":"Token",
							"type":"String",
							"value":"123456" 
						},
						{
							"id":"reportingServiceUrl",
							"name":"Reporting Service Url",
							"type":"String",
							"value":"http://report.service" 
						}
					
					]
				}
			]
		}
		
	],
	"rules": {
		"connectionRules": [],
        "cardinalityRules": [],
		"containmentRules": []
	},
	"removestencils": [
		"CollapsedSubprocess",
		"Subprocess",
		"AND_Gateway",
		"Exclusive_Eventbased_Gateway",
		"Exclusive_Databased_Gateway",
		"OR_Gateway",
		"Complex_Gateway",
		"Pool",
		"CollapsedPool",
		"Lane",
		"Group",
		"TextAnnotation",
		"StartEvent",
		"StartTimerEvent",
		"StartConditionalEvent",
		"StartSignalEvent",
		"StartMultipleEvent",
		"IntermediateEvent",
		"IntermediateMessageEventCatching",
		"IntermediateMessageEventThrowing",
		"IntermediateTimerEvent",
		"IntermediateErrorEvent",
		"IntermediateCancelEvent",
		"IntermediateCompensationEventCatching",
		"IntermediateCompensationEventThrowing",
		"IntermediateConditionalEvent",
		"IntermediateSignalEventCatching",
		"IntermediateSignalEventThrowing",
		"IntermediateMultipleEventCatching",
		"IntermediateMultipleEventThrowing",
		"IntermediateLinkEventCatching",
		"IntermediateLinkEventThrowing",
		"EndMessageEvent",
		"EndErrorEvent",
		"EndCancelEvent",
		"EndCompensationEvent",
		"EndSignalEvent",
		"EndMultipleEvent",
		"EndTerminateEvent",
		"MessageFlow",
		"Association_Undirected",
		"Association_Bidirectional"
	],
	"removeproperties": []
}
